CLASE DE EQUIPO;ESTADO DEL EQUIPO;MARCA;MODELO;SERIAL DEL EQUIPO;MEMORIA RAM;DISCO DURO;SERIAL MONITOR;SERIAL MOUSE;NOMBRE ACTUAL DEL EQUIPO;NOMBRE NUEVO DEL EQUIPO
PC ESCRITORIO;EN USO;HP;HP ELITEDESK 800 G2 SFF;MXL6481FMR;8 GB ;500 GB;CNC248P616;674316-001;pamartin-HP-EliteDesk-800-G2-SFF;pamartin-HP-EliteDesk-800-G2-SFF
PC PORTATIL;EN USO;HP;HP 245 G7 NOTEBOOK ;5CG9461JNC;16 GB;500 GB;N/A ;N/A;DESKTOP-ABODDED;LIM03TELPAMARTP1
PC ESCRITORIO;EN USO;HP;HP Z240 SFF WORKSTATION;2UA7502C0K;16 GB;1500 GB;CNK7310BHZ;7CH2450D3Y;CCM01ACUEHDIAZ1;CCM01ACUEHDIAZ1
PC ESCRITORIO;EN USO;HP;HP ELITEDESK 800 G1 SFF;MXL4492MWX;8 GB ;500 GB;3CQ4382BL0;672652-001;Minombreesnadie-HP-EliteDesk-800-G1-SFF;Minombreesnadie-HP-EliteDesk-800-G1-SFF
PC PORTATIL;EN USO;HP;HP 240 G7 NOTEBOOK ;5CG938391M;8 GB ;1 TB ;N/A ;N/A;CL1301ACUORLEP1;CL1301ACUORLEP1
PC ESCRITORIO;EN USO;HP;HP Z240 SFF WORKSTATION;2UA7502C0G;16 GB;1500 GB;CNK7310BHJ;FCMHH0CJP98STU;CCM01ACUMAGARCI;CCM01ACUMAGARCI
PC ESCRITORIO;EN USO;HP;HP ELITEDESK 800 G2 SFF;MXL6481FQH;8 GB ;500 GB;6CM6350J0F;FCMHH0AKZ43AR9;FLO04COMIMBUSTO;FLO04COMIMBUSTO
PC ESCRITORIO;EN USO;HP;HP COMPAQ ELITE 8200 SFF ;MXL1380MMR;8 GB ;500 GB;3CQ134N3BT;N/A;FLO04COMJACVALE;FLO04COMJACVALE
PC ESCRITORIO;EN USO;HP;HP ELITEDESK 800 G2 SFF;MXL6481FLX;8 GB ;1 TB ;6CM6350J46;N/A;FLO03COMAMBOR03;FLO04COMJEGORDI
PC ESCRITORIO;EN USO;LENOVO;30ASA49K00;MJ04X5MH;16 GB;6 TB;V1L28044;44Z3097;CCM01ACUFECERO1;CCM01ACUFECERO1
PC ESCRITORIO;EN USO;HP;HP Z240 CMT WORKSTATION;2UA3030FM1;16 GB;2 TB;3CQ046B6DJ;NO LEGIBLE;CCM01ACUEMLOPE2;CCM01ACUEMLOPE2
PC ESCRITORIO;EN USO;HP;HP Z230 TOWER WORKSTATION;2UA4502X2G;16 GB;2 TB;CNK4290KTX;N/A;CCM01ACUJUROJAS;CCM01ACUJUROJAS
PC ESCRITORIO;EN USO;HP;HP COMPAQ ELITE 8200 SFF ;MXL1380MLD;4 GB;500 GB;3CQ134N3DB;N/A;FLO04COMPACASAR;FLO04COMPACASAR
PC ESCRITORIO;EN USO;HP;HP COMPAQ ELITE 8200 SFF ;MXL2050N15;4 GB;500 GB;CN420503Q7;NO LEGIBLE;CL1301ACULFFLAK;CL1301ACULFFLAK
PC ESCRITORIO;EN USO;HP;HP COMPAQ ELITE 8200 SFF ;MXL2050P5W;4 GB;500 GB;CN42050367;FCGLH0D5F1UH71;CL1301ACUFAQUIN;CL1301ACUFAQUIN
PC PORTATIL;EN USO;HP;HP 245 G7 NOTEBOOK ;5CG9461H8N;8 GB ;500 GB;N/A ;N/A;EMCALI-P1-0325;FLO04COMPCMINP1
PC ESCRITORIO;EN USO;HP;HP Z230 TOWER WORKSTATION;2UA4502X2M;16 GB;2 TB;CNK4350NYY;N/A;CCM01ACURSGONZA;CCM01ACURSGONZA
PC PORTATIL;EN USO;HP;HP 240 G7 NOTEBOOK ;5CG9382HD8;12 GB;250 GB;N/A ;N/A;CL1301ACUCLCALD;CL1301ACUCLCALD
PC ESCRITORIO;EN USO;HP;HP COMPAQ ELITE 8200 SFF ;MXL1350CGC;4 GB;250 GB;3CQ04809V2;NO LEGIBLE;CCM01ACUJETREJO;CCM01ACUJETREJO
PC PORTATIL;EN USO;LENOVO;81YB;PF1TTWM1;4 GB;1 TB ;N/A ;N/A;EMCALI-P1-0856;CAM06ADMSVALVP1
PC ESCRITORIO;EN USO;HP;HP COMPAQ ELITE 8200 SFF ;MXL2050P3T;4 GB;500 GB;CN420501LT;7CH7211HWV;CL1301ACUJACAPU;CL1301ACUJACAPU
PC PORTATIL;EN USO;HP;HP 240 G7 NOTEBOOK ;5CG9384J8Z;12 GB;800 GB;N/A ;N/A;Desktop-END5STL;CL1301ACUJACAP1
PC ESCRITORIO;EN USO;HP;HP COMPAQ ELITE 8200 SFF ;MXL2050N0S;4 GB;500 GB;CN420501SR;NO LEGIBLE;CL1301ACUDFMILL;CL1301ACUDFMILL
PC ESCRITORIO;EN USO;HP;HP COMPAQ ELITE 8200 SFF ;MXL2050HFF;4 GB;500 GB;CN420501Q6;FCMHH0AKZ64MQX;CL1301ACUNLSATI;CL1301ACUNLSATI
PC ESCRITORIO;EN USO;HP;HP COMPAQ ELITE 8200 SFF ;MXL2050G2F;4 GB;500 GB;CN42050407;NO LEGIBLE;CL1301ACUJACAP3;CL1301ACUJACAP3
PC ESCRITORIO;EN USO;HP;HP Z240 SFF WORKSTATION;2UA7501LP9;8 GB ;500 GB;CN74205446;N/A;CL1302GENGPPACH;CL1302GENGPPACH
PC ESCRITORIO;EN USO;HP;HP ELITEDESK 800 G1 SFF;MXL4492LS0;8 GB ;500 GB;3CQ046B6DK;FATSQ0CN3Z1F1V;CCM01ACUNJSANCH;CCM01ACUNJSANCH
PC ESCRITORIO;EN USO;HP;HP Z240 SFF WORKSTATION;2UA7501LTK;8 GB ;500 GB;CNC74205SY;N/A;FLO04COMNJNARVA;FLO04COMNJNARVA
PC ESCRITORIO;EN USO;HP;HP Z240 SFF WORKSTATION;2UA7501LV6;8 GB ;1 TB ;CNC7420562;FCMHH0CQWA0MU9;FLO04COMPCMINA;FLO04COMPCMINA
PC ESCRITORIO;EN USO;HP;HP COMPAQ ELITE 8200 SFF ;MXL2050P45;4 GB;500 GB;CN420501S2;N/A;FLO04COMROVALEN;FLO04COMROVALEN
PC ESCRITORIO;EN USO;HP;HP COMPAQ ELITE 8200 SFF ;MXL1380MNN;4 GB;500 GB;1CR80400PP;F93A90H5BW72MKC;FLO04COMKMCHARR;FLO04COMKMCHARR
PC ESCRITORIO;EN USO;HP;HP COMPAQ ELITE 8300 SFF ;MXL3031H6T;4 GB;500 GB;CN4144143B;7CH8442Q71;FLO04COMJCEMART;FLO04COMJCEMART
PC PORTATIL;EN USO;ASUS;VIVOBOOK 14_ASUS X407UAR;K4N0GR07J87216C;12 GB;1 TB ;N/A ;N/A;NAV01ACUMAROMP1;CL1301ACUMAROMP1
PC ESCRITORIO;EN USO;HP;HP ELITEDESK 800 G1 SFF;MXL4492MX3;8 GB ;500 GB;3CQ4382BN3;FCMHH0CJP371UD;FLO03COMLMLOCA;FLO01COMLUMLOPE
PC ESCRITORIO;EN USO;HP;HP ELITEDESK 800 G2 SFF;MXL6481FQJ;8 GB ;500 GB;6CM6350K23;F93A9015BW72NDZ;NAV01ACUMAROME3;CL1301ACUMAROME3
PC ESCRITORIO;EN USO;HP;HP COMPAQ ELITE 8200 SFF ;MXL1380MMB;4 GB;500 GB;CN4144143Z;NO LEGIBLE;CL1302ACUNENAVA;CL1302ACUNENAVA
PC PORTATIL;EN USO;HP;HP 240 G7 NOTEBOOK ;5CG9382HRR;12 GB;1 TB ;N/A ;N/A;CL1301ACUJOCUBI;CL1301ACUJOCUBI
PC PORTATIL;EN USO;HP;HP 240 G7 NOTEBOOK ;5CG9382HW4;12 GB;1 TB ;N/A ;N/A;CL13ADMBETABORD;CL1301ADMBETABORD
PC ESCRITORIO;EN USO;HP;HP Z240 SFF WORKSTATION;2UA7501LQW;8 GB ;500 GB;CNC742054V;NO LEGIBLE;CL1301ACUCIVIL1;CL1301ACUCIVIL1
PC ESCRITORIO;EN USO;HP;HP Z240 SFF WORKSTATION;2UA7501LPM;8 GB ;500 GB;CNC74205520;NO LEGIBLE;NAV02ACUMACARDO;NAV02ACUMACARDO
PC ESCRITORIO;EN USO;HP;HP COMPAQ ELITE 8200 SFF ;MXL2050HHC;4 GB;500 GB;CN420503FP;SIN SERIE;FLO04COMGNMARIN;FLO04COMGNMARIN
PC ESCRITORIO;EN USO;HP;HP Z240 SFF WORKSTATION;2UA7501LTW;8 GB ;500 GB;CNC742052G;NO LEGIBLE;CL3103ACUGACORT;CL3103ACUGACORT
PC ESCRITORIO;EN USO;HP;HP COMPAQ ELITE 8300 SFF ;MXL3031KL7;4 GB;500 GB;CNC428P583;X9K95401417455;FLO04COMCFBURIT;FLO04COMCFBURIT
PC ESCRITORIO;EN USO;HP;HP COMPAQ ELITE 8300 SFF ;MXL3031H66;4 GB;500 GB;3CQ95338TW;NO LEGIBLE;NAV02ACUALBARR;CL1301ACUALBARR
PC PORTATIL;EN USO;HP;HP ELITEBOOK 820 G3;5CG6495Z9R;8 GB ;500 GB;N/A ;N/A;CLL1301ACUGELP1;CL1301ACUGELP1
PC ESCRITORIO;EN USO;HP;HP Z230 TOWER WORKSTATION;2UA4502X2Q;16 GB;1 TB ;CNK4350NYS;NO LEGIBLE;CCM01ACURDCALER;CCM01ACURDCALER
PC ESCRITORIO;EN USO;HP;HP Z230 TOWER WORKSTATION;2UA4502X2L;16 GB;2 TB;CNK4350NYW;NO LEGIBLE;CCM01ACUJHCASTA;CCM01ACUJHCASTA
PC PORTATIL;EN USO;HP;HP 240 G7 Notebook;5CG9382HNL;12 GB;1 TB ;N/A ;N/A;CAM09ADMADCATP1;CAM13ADMADCATP1
PC PORTATIL;EN USO;HP;HP 240 G7 NOTEBOOK ;5CG9382HG5;4 GB;500 GB;N/A ;N/A;CAM04GENRJBUCP1;CAM04GENRJBUCP1
PC PORTATIL;EN USO;HP;HP PROBOOK 6470B;CNU3029RW8;4 GB;500 GB;N/A ;N/A;CAM13GENALMANP1;CAM13GENALMANP1
PC ESCRITORIO;EN USO;HP;HP Z240 TOWER WORKSTATION ;2UA7502C04;16 GB;1500 GB;CNK7310BHL;SIN SERIE;CAM13GENLOHERNA;CAM13GENLOHERNA
PC ESCRITORIO;EN USO;HP;HP COMPAQ ELITE 8200 SFF ;MXL2050FTZ;4 GB;500 GB;CN414413W0;7CH7060H9X;ALC01ACUCAMURI1;ALC01ACUCAMURI1
PC ESCRITORIO;EN USO;HP;HP COMPAQ ELITE 8200 SFF ;MXL1350CG8;4 GB;500 GB;3CQ04809K0;NO LEGIBLE;CL1302ACUZAMART;CL1302ACUZAMART
PC ESCRITORIO;EN USO;HP;HP Z240 SFF WORKSTATION;2UA7501LT7;8 GB;500 GB;CNC7420534;FCMHH0CQWA0MP2;CL1301ACUSAGALL;CL1301ACUSAGALL
PC ESCRITORIO;EN USO;HP;HP Z220 CMT WORKSTATION;2UA3030FM4;8 GB;4 TB;CN42520PYM;NO LEGIBLE;CL1301ACUDHBON;CL1301ACUDHBON
PC PORTATIL;EN USO;HP;HP 240 G7 NOTEBOOK;5CG9461HTR;8 GB;500 GB;N/A ;SIN MOUSE;CAM02FINMOMESP1;CAM02FINMOMESP1
PC ESCRITORIO;EN USO;HP;HP COMPAQ ELITE 8200 SFF ;MXL1280MN2;4 GB;500 GB;CN4144144S;ILEGIBLE;CL1302GENMTRENT;CL1302GENMTRENT
PC ESCRITORIO;EN USO;HP;HP COMPAQ ELITE 8300 SFF;MXL33712XL;4 GB;500 GB;3CQ34713R4;FCGLH0D5D4XD5M;CL1302ACUISCUER;CL1302ACUISCUER
PC PORTATIL;EN USO;LENOVO;81YB;PF1TTX2L;4 GB;500 GB;N/A ;N/A;CL302ACUSEGUGP1;CL1302ACUSEGUGP
PC ESCRITORIO;EN USO;HP;HP Z240 SFF WORKSTATION;2UA7501LT3;8 GB;500 GB;CNC7420512;FCH1455JP;CL1301ACUJMRAMI;CL1301ACUJMRAMI
PC ESCRITORIO;EN USO;HP;HP COMPAQ ELITE 8300 SFF;MXL3031KL5;4 GB;500 GB;CNC243Q5VC;NO LEGIBLE;SAL02TELLEAGUD2;SAL02TELLEAGUD2
PC ESCRITORIO;EN USO;HP;HP ELITEDESK 800 G1 SFF;MXL4492MWD;8 GB;500 GB;3CQ4382BFG;HS102HB;SAL02TELLFCUELL;SAL02TELLFCUELL
PC ESCRITORIO;EN USO;HP;HP COMPAQ ELITE 8300 SFF;MXL3031KKW;4 GB;500 GB;CNC248P6C2;7CH9220TN4;SAL02TELORTREJO;SAL02TELGAPOSAD
PC ESCRITORIO;EN USO;HP;HP COMPAQ ELITE 8200 SFF ;MXL3031KFJ;4 GB;500 GB;CNC248P6QV;FCGLH0D9WS601;GUA02TELHEMERCA;CL1302TELHEMERC
PC ESCRITORIO;EN USO;HP;HP COMPAQ ELITE 8200 SFF ;MXL2050P40;4 GB;500 GB;CN4205037M;X6B92134708159;SAL02ADMWESALAS;SAL02ADMYECASTI
PC ESCRITORIO;EN USO;HP;HP COMPAQ ELITE 8200 SFF ;MXL1380MMQ;4 GB;500 GB;CN4144143T;NO LEGIBLE;CL1302ACULFPOTO;CL1302ACULFPOTO
PC PORTATIL;EN USO;HP;HP 240 G7 NOTEBOOK;5CG94335XG;12 GB;1 TB;N/A ;N/A;NAV02ACUFJGRUP2;CL1301ACUFJGRUP2
PC ESCRITORIO;EN USO;HP;HP COMPAQ ELITE 8200 SFF ;MXL126081D;4 GB;500 GB;3CQ04809B7;7CH04028Q3;ALC01ACUHFTABAR;ALC01ACUHFTABAR
PC ESCRITORIO;EN USO;HP;HP COMPAQ ELITE 8200 SFF ;MXL2050G2K;4 GB;500 GB;CN420503T3;NO LEGIBLE;ALC01ACULUFRANC;ALC01ACUEDGIMEN
PC ESCRITORIO;EN USO;HP;HP Z240 TOWER WORKSTATION;2UA7502C0J;16 GB;2 TB;CNK7310B9W;FCMHH0CQWA0O9P;NAV02ACUGECHAVE;ALC01ACUGECHAVE
PC ESCRITORIO;EN USO;HP;HP COMPAQ ELITE 8200 SFF ;MXL2050G3N;4 GB;500 GB;CN420501S6;7CH12226MP;ALC01ACUSALEUDO;ALC01ACUSALEUDO
PC ESCRITORIO;EN USO;HP;HP COMPAQ ELITE 8200 SFF ;MXL 2050P5D;4 GB;500 GB;VS17350;NO LEGIBLE ;SAL01TELLHHERNA;SAL01TELLHHERNA
PC PORTATIL;EN USO;HP ;HP ELITEDESK 800 G2 SFF;MXL6481FN1;8 GB ;500 GB;6CM6350K94;672652-001;SAL01ADMSVALVIZ;SAL01ADMSVALVIZ
PC ESCRITORIO;EN USO;HP ;HP COMPAQ ELITE 8200 SFF ;MXL2050HGL;4 GB;500 GB;3CQ34713T2;NO LEGIBLE ;ALC01ACUMAZULUA;ALC01ACUMAZULUA
PC ESCRITORIO;EN USO;HP ;HP COMPAQ ELITE 8200 SFF ;MXL1380MMV;4 GB;500 GB;CN414413W8;FCMHH0C9Z7HH6T;ALC01ACUGUZAMO1;ALC01ACUGUZAMO1
PC ESCRITORIO;EN USO;HP ;HP COMPAQ ELITE 8200 SFF ;MXL1380LYL;4 GB;500 GB;CNC248P62K;NO LEGIBLE ;SAL03TELLAZUNIG;SAL03TELLAZUNIG
PC PORTATIL;EN USO;LENOVO;81B0;MP1PX5N4;12 GB;1 TB;N/A ;N/A;CLL1302ACUSAGP1;CL1301ACUSAGAP1
PC PORTATIL;EN USO;HP;HP ELITEBOOK 820 G4;5CG7503G56;8 GB;1TB;N/A ;SIN MOUSE;NAV02ACUGECHAV2;ALC01ACUGECHAV2
PC PORTATIL;EN USO;HP;HP 240 G7 NOTEBOOK;5CG9382H5N;12 GB;1 TB;N/A ;N/A;EMCALI-P1-0188;CL1301ACUCIVIP1
PC ESCRITORIO;EN USO;HP;HP COMPAQ ELITE 8300 SFF;MXL3031H5C;4 GB;500 GB;CNC248P61D;NO LEGIBLE;SAL03TELFECOLOR;SAL03TELFECOLOR
PC ESCRITORIO;EN USO;HP;HP COMPAQ ELITE 8200 SFF ;MXL2050N17;4 GB;500 GB;CN410503NL;NO LEGIBLE;CL1302ACUNHALGA;CL1302ACUMIFLOR
PC PORTATIL;EN USO;LENOVO;81YB;PF1YL00D;12 GB;1 TB;N/A ;N/A;SAL03TELFECOLP1;SAL03TELFECOLP1
PC ESCRITORIO;EN USO;HP ;HP COMPAQ ELITE 8200 SFF ;MXL1380MMJ;4 GB;500 GB;VS2248;NO LEGIBLE;SAL01TELALCASTR;SAL01TELALCASTR
PC PORTATIL;EN USO;LENOVO ;81YB;PF1TTJ6W;12 GB ;1 TB;N/A ;N/A;COL02TELALCASP1;SAL01TELALCASP1
PC ESCRITORIO;EN USO;HP;HP COMPAQ ELITE 8200 SFF ;MXL1380MLP;4 GB;500 GB;3CQ04809C2;7CH8260Y0P;PTA01ADMRDGUEVA;ALC01ADMRDGUEVA
PC ESCRITORIO;EN USO;HP ;HP COMPAQ ELITE 8200 SFF ;MXL3031KGC;4 GB;1 TB;CNC248P6YX;NO LEGIBLE;SAL01TELAMARLAD;SAL01TELAMARLAD
PC ESCRITORIO;EN USO;HP;HP COMPAQ ELITE 8200 SFF ;MXL2050N4X;4 GB;1 TB;CN420500D3;NO LEGIBLE;CL1302GENWICAS;CL1302GENWICAS
PC ESCRITORIO;EN USO;HP ;HP ELITEDESK 800 G1 SFF;MXL4492LWC;8 GB;500 GB;3CQ4382BLG;NO LEGIBLE;SAL01TELJCOSOR2;SAL01TELLUELLUEDIAZ
PC ESCRITORIO;EN USO;HP;HP COMPAQ ELITE 8300 SFF;MXL3031J4B;4 GB;500 GB;CNC248P6CN;NO LEGIBLE;SAL02TELJCLENIS;SAL02TELJCLENIS
PC PORTATIL;EN USO;LENOVO ;81YB;PF1YKEBH;12 GB;1 TB;N/A ;N/A;SAL02TERLJCLENP1;SAL02TERLJCLENP1
PC ESCRITORIO;EN USO;HP;HP COMPAQ ELITE 8200 SFF ;MXL2050N1M;4 GB;500 GB;CN425038H;NO LEGIBLE;SAL02TELHEGONZA;SAL02TELHEGONZA
PC ESCRITORIO;EN USO;HP ;HP COMPAQ ELITE 8200 SFF ;MXL2050N4Q;4 GB;500 GB;CN420503Q9;NO LEGIBLE;SAL02TELPRUEBAS;SAL02TELPRUEBAS
PC ESCRITORIO;EN USO;HP;HP COMPAQ ELITE 8300 SFF;MXL3031J47;4 GB;1 TB;CNC248P70H;NO LEGIBLE;CL1302ACUARLOPE;CL1302ACUARLOPE
PC ESCRITORIO;EN USO;HP;HP COMPAQ ELITE 8200 SFF ;MXL230TXP;4 GB;500 GB ;CN414413X5;SIN SERIE;CL1302GENJEGOME;ALC01ACUJEGOME
PC ESCRITORIO;EN USO;HP;HP COMPAQ ELITE 8200 SFF ;MXL2050P49;4 GB;1 TB;VDP2242A0551;7CH120752S;SAL03TELYOALDAN;SAL03TELYOALDAN
PC PORTATIL;EN USO;HP;HP 240 G7 NOTEBOOK;5CG938379V;12 GB;1 TB;N/A ;SIN MOUSE;CAM08ABSFERAMP1;CAM08ABSFERAMP1
PC ESCRITORIO;EN USO;HP;HP Z240 SFF WORKSTATION ;2UA7501LS1;8 GB;500 GB;CNC742050C;FCMHH0CQWA0N3J;CL1302ACUFERIAS;CL1302ACUFERIAS
PC ESCRITORIO;EN USO;HP;HP Z240 SFF WORKSTATION;2UA7501LSB;8 GB;500 GB;CNC742050K;FCMHH0CQWA0N6A;ALC01ACUEHECHEV;ALC01ACUEHECHEV
PC ESCRITORIO;EN USO;HP;HP COMPAQ ELITE 8200 SFF ;MXL2050N0X;4 GB;500 GB;N/A ;FCGLH0DHD3SXOR;CL1302ACUJESOLA;CL1302ACUJESOLA
PC ESCRITORIO;EN USO;HP;HP COMPAQ ELITE 8200 SFF ;MXL2050G3X;4 GB;500 GB;CN420503XM;NO LEGIBLE;CL1302ACUGEPER1;CL1302ACUGEPER1
PC ESCRITORIO;EN USO;HP;HP Z240 SFF WORKSTATION ;2UA7501LRC;8 GB;500 GB;CNC742053M;FCMHH0CQWA0M44;ALC01ACULHTORO;ALC01ACULHTORO
PC ESCRITORIO;EN USO;HP;HP ELITEDESK 800 G1 SFF;MXL4492MXH;8 GB;500 GB;J2213LE12042500319;NO LEGIBLE;SAL03ADMNELVAS2;SAL03ADMNELVAS2
PC ESCRITORIO;EN USO;HP;HP COMPAQ ELITE 8300 SFF;MXL33712QH;4 GB;500 GB;3CQ1050KW4;7CH84843GK;ALC01ACUOSVILLA;ALC01ACUOSVILLA
PC ESCRITORIO;EN USO;HP;HP ELITEDESK 800 G1 SFF;MXL4492LV4;N/A;N/A;3CQ4382BNL;NO LEGIBLE;N/A;N/A
PC ESCRITORIO;DAR DE BAJA;HP;HP COMPAQ DC5700;MXJ701033S;1 GB;74,5 GB;N/A ;NO LEGIBLE;PREVENTIVO;PREVENTIVO
PC ESCRITORIO;DAR DE BAJA;HP ;HP COMPAQ DC 7800P SFF;MXJ836010M;2 GB;N/A;CNC828PHJ4;NO LEGIBLE;IFCUELLAR;IFCUELLAR
PC ESCRITORIO;EN USO;HP;HP ELITEDESK 800 G2 SFF;MXL6481FN7;8 GB;500 GB;6CM6350K8G;NO LEGIBLE;CAM09ABSJPQUIMB;CL1302ABSJPQUIM
PC ESCRITORIO;EN USO;HP ;HP COMPAQ ELITE 8300 SFF;MXL3031HZG;4 GB;500 GB;CNC248P6ZG;NO LEGIBLE;NAV01ACUGIAREIZ;CL1302ACUGIAREI
PC PORTATIL;EN USO;LENOVO;81B0;MP1PX7WR;12 GB;1 TB;N/A;N/A;CL1301ACUGACOP1;CL1301ACUGACOP1
PC PORTATIL;EN USO;LENOVO;81B0;MP1PX8BQ;12 GB ;1 TB;N/A;N/A;ALC01ACULNQUIP1;ALC01ACUANFORP1
PC ESCRITORIO;EN USO;HP;HP COMPAQ ELITE 8200 SFF ;MXL2050N1B;4 GB;500 GB;CN420501NY;FCMHH0CQWA0JUO;CL1302ACUALCANA;CL1302ACUALCANA
PC ESCRITORIO;EN USO;HP ;HP COMPAQ ELITE 8200 SFF ;MXL1380MML;4 GB;500 GB;CN414413W5;NO LEGIBLE;ALC01ACUADMONTA;ALC01ACUJCMARMO
PC ESCRITORIO;EN USO;HP;HP Z240 SFF WORKSTATION;2UA7501LTR;8 GB;500 GB;CNC74205SZ;NO LEGIBLE;CL1302ACUCPSANC;CL1302ACUCPSANC
PC ESCRITORIO;EN USO;HP;HP COMPAQ ELITE 8200 SFF ;MXL2050HG6;4 GB;500 GB;CN420501SM;HS102HB;DIE02ENEJAVIERA;DIE02ENEVABERMU
PC ESCRITORIO;EN USO;HP;HP COMPAQ ELITE 8300 SFF;MXL3031J22;4 GB;1 TB;CNC248P6CL;NO LEGIBLE;DIE02ENEJIMENMAN;DIE02ENERAERAZO
PC ESCRITORIO;EN USO;HP;HP COMPAQ ELITE 8200 SFF ;MXL2050N36;4 GB;500 GB;CN420503NZ;F93A90H5BW72NFL;CL1302ACUJJRES1;CL1302ACUJJRES1
PC ESCRITORIO;EN USO;HP;HP ELITEDESK 800 G1 SFF;MXL4492MWW;8 GB ;500 GB;3CQ4382BLN;7CH62904SW;CL1302ACUEDOVAL;CL1302ACUEDOVAL
PC PORTATIL;EN USO;LENOVO;81YB;PF1YK4FH;12 GB;1 TB;N/A;N/A;DIE02ENEHSWILP1;DIE02ENEHSWILP1
PC ESCRITORIO;EN USO;HP;HP Z210 WORKSTATION;2UA2060V7D;8 GB;2 TB;3CQ147BRV1;NO LEGIBLE ;CL1302ACUVEAGUD;CL1302ACUVEAGUD
PC ESCRITORIO;EN USO;HP;HP COMPAQ ELITE 8200 SFF ;MXL2050N2N;4 GB;500 GB;CN420503FT;NO LEGIBLE;CL1302ACUEAESCO;CL1302ACUEAESCO
PC ESCRITORIO;EN USO;HP;HP COMPAQ ELITE 8200 SFF ;MXL2288WWV;4 GB;500 GB;3CQ4382BMC;2100004005003;CAE02ENEHSWILCH;DIE02ENENOPEREZ
PC PORTATIL;EN USO;HP;HP 240 G7 NOTEBOOK;5CG9382HPP;12 GB;1 TB;N/A;N/A;CL1302ACUCPSAP1;CL1302ACUCPSAP1
PC ESCRITORIO;EN USO;HP ;HP COMPAQ ELITE 8300 SFF;MXL3031HZY;4 GB ;500 GB;CNC248P6RB;7CH8260VG9;BOMNAT01ACUCASE;ALC01ACUCASEGU
PC ESCRITORIO;EN USO;HP;HP COMPAQ ELITE 8200 SFF ;MXL126081P;4 GB;500 GB;3CQ04809D8;N/A;DIE02ENEJMDONNE;DIE02ENEJMDONNE
PC ESCRITORIO;EN USO;HP ;HP COMPAQ ELITE 8200 SFF ;MXL1380MMF;4 GB ;1 TB;CN414413XD;X9A94883205506;ALC01ACUJAURRE;ALC01ACUJAURRE
PC PORTATIL;EN USO;LENOVO ;81YB;PF1TTJ8B;12 GB;1 TB ;N/A;N/A;DIE01ENELCDELP1;DIE02ENELCDELP1
PC PORTATIL;EN USO;HP;HP ELITEBOOK 820 G4;5CG7503G7R;8 GB;1 TB;N/A;FCMHH0CVA94K0A;CL1302ACUALCAP2;CL1302ACUALCAP2
PC ESCRITORIO;EN USO;HP;HP COMPAQ ELITE 8300 SFF;MXL3031J2C;4 GB;500 GB;CNC248P65D;NO LEGIBLE;ALC01ACUJALCARA;ALC01ACUDIPIZAR
PC ESCRITORIO;EN USO;DELL;PRECISION WORKSTATION T5400;H5S7YH1;16 GB;1 TB;MX-0G324H-74262-6B3-4FNL;SIN MOUSE;ALC01ACUOALOSAD;ALC01ACUOALOSAD
PC ESCRITORIO;EN USO;HP;HP COMPAQ ELITE 8200 SFF ;MXL2050N0V;4 GB;1 TB;CN42050400;7CH92237HW;DIE01ENEJFAGUIR;DIE02ENEJFAGUI
PC ESCRITORIO;EN USO;HP;HP COMPAQ ELITE 8200 SFF ;MXL126082F;4 GB;500 GB;3CQ0489B6;SIN SERIE;DIE02ENEFLMOSQU;DIE02ENESTHIDAL
PC ESCRITORIO;EN USO;HP;HP COMPAQ ELITE 8300 SFF;MXL3031JOF;4 GB ;500 GB;CN4205040Z;672662-001;DIE02ENEFHNINP1;DIE02ENEFHNINO
PC ESCRITORIO;EN USO;HP;HP COMPAQ ELITE 8200 SFF ;MXL2050G3L;4 GB ;500 GB;CN420501S5;NO LEGIBLE;CL1302ACUJUACAR;CL1302ACUJUACAR
PC PORTATIL;EN USO;LENOVO ;81B0;MP1PX3FE;12 GB ;1 TB;N/A;N/A;EMCALI-P1-0290;CL1302ACUVAGP1
PC ESCRITORIO;EN USO;HP;HP COMPAQ ELITE 8200 SFF ;MXL2050P4L;4 GB ;500 GB;CN420501SN;7CH84843GD;ALC01ACURICALVO;ALC01ACURICALVO
PC PORTATIL;EN USO;LENOVO;81YB;PF1YKECZ;12 GB;1 TB;N/A;SIN SERIE;DIE02ENEJAHOLP1;DIE02ENEJAHOLP1
PC PORTATIL;EN USO;HP;HP 240 G7 NOTEBOOK;5CG94335Q0;8 GB ;500 GB;N/A;SIN MOUSE;ALC01ACUCASEGP1;ALC01ACUCASEGP1
PC ESCRITORIO;EN USO;HP;HP Z230 TOWER WORKSTATION;2UA4502X2T;16 GB;2 TB;CNK42901TQ;NO LEGIBLE;BOU07ACUJULLORA;BOU07ACUJULLORA
PC PORTATIL;EN USO;HP;HP 240 G7 NOTEBOOK;5CG9382J31;12 GB;1 TB;N/A;N/A;CLL1302ACUGEPER;CL1302ACUGEPERE
PC ESCRITORIO;EN USO;HP;HP COMPAQ ELITE 8200 SFF ;MXL1380LYD;4 GB;1 TB;CN414413XN;NO LEGIBLE;CL1302ACUOSGARI;CL1302ACUOSGARI
PC ESCRITORIO;EN USO;HP;HP ELITEDESK 800 G2 SFF;MXL6481FM1;8 GB;500 GB;6CM6350KL8;NO LEGIBLE;CL1302ACUGEPER3;CL1302ACUGEPER3
PC ESCRITORIO;EN USO;HP;HP COMPAQ ELITE 8200 SFF ;MXL380MM2;4 GB;500 GB;CN41441438;NO LEGIBLE ;CL1302ACUJNSUAR;CL1302ACUJNSUAR
PC PORTATIL;EN USO;HP;HP PROBOOK 440 G6 ;5CD9501V65;12 GB;1 TB;N/A;N/A;CAM07ADMCALLAP1;CAM07ADMCALLAP1
PC PORTATIL;EN USO;LENOVO;81YB;PF1YL9XS;12 GB;1 TB;N/A;N/A;DIE02ENELFVALP1;DIE02ENELFVALP1
PC PORTATIL;EN USO;HP;HP ELITEBOOK 820 G3;5CG6495Z3B;8 GB;500 GB;N/A;N/A;CAM01COMLIDECR3;DIE02ENENESIP1
PC ESCRITORIO;EN USO;HP;HP COMPAQ ELITE 8200 SFF ;MXL1380LYR;4 GB;500 GB;CN4144143X;7CH8260C8Q;CL1302ACUAMMATA;CL1302ACUALDELG
PC ESCRITORIO;EN USO;HP;HP COMPAQ ELITE 8300 SFF;MXL33712QX;4 GB;500 GB;3CQ34713S7;SIN SERIE;NAV02ADMANMESIA;COD02ACUANMESIA
PC PORTATIL;EN USO;LENOVO;81YB;PF1YJLC5;4 GB;1 TB;N/A;N/A;DIE02ENERAOLAP1;DIE02ENERAOLAP1
PC PORTATIL;EN USO;HP;HP 240 G7 NOTEBOOK;5CG9381FHN;12 GB;1 TB;N/A;N/A;EMCALI-P1-0133;CL1302ACUEDOVP1
PC ESCRITORIO;EN USO;HP;HP COMPAQ ELITE 8200 SFF ;MXL2050P4H;4 GB;500 GB;CN4105019S;NO LEGIBLE;CL1302ACUWIBOTE;CL1302ACUWIBOTE
PC PORTATIL;EN USO;LENOVO;81YB;PF1TT964;4 GB;1 TB;N/A;N/A;DIE02ENEFLMOSP1;DIE02ENEWAORTP
PC ESCRITORIO;EN USO;HP;LATITUDE E6400;H998YH1;2 GB ;256 GB;N/A;SIN MOUSE ;BOU10ACUMDMOL01;COD02ACUAAVILLA
PC PORTATIL;EN USO;HP;HP 240 G7 NOTEBOOK;5CG9381CWP;12 GB ;1 TB;N/A;N/A;CL1302ACUJAPAP1;CL1302ACUJAPAP1
PC ESCRITORIO;DAR DE BAJA;HP ;HP COMPAQ DC 7800P SFF;MXJ8360148;N/A;N/A;3CQ04809WT;F93A90H5BW72NF4;N/A;N/A
PC ESCRITORIO;EN USO;HP ;HP ELITEDESK 800 G1 SFF;MXL4492LSK;8 GB;500 GB;3CQ9483B3V;NO LEGIBLE ;CL1302ACUJHBEDO;CL1302ACUJHBEDO
PC ESCRITORIO;EN USO;HP;HP COMPAQ ELITE 8200 SFF ;MXL2050P4D;4 GB;1 TB;CN420501LP;X9L95401610654;DIE02ENEMFSANDO;DIE02ENEMFSANDO
PC ESCRITORIO;EN USO;HP;HP COMPAQ ELITE 8200 SFF ;Mxl2050P3N;4 GB;500 GB;CNC832QRB8;SIN MOUSE ;CAM02GTIVESAND6;COD02ACUALORDON
PC PORTATIL;EN USO;LENOVO;81YB;PF1TV0MQ;12 GB;1 TB;N/A;N/A;DIE01ENEVRHERP1;DIE02ENEVRHERP1
PC ESCRITORIO;EN USO;HP;HP COMPAQ ELITE 8300 SFF;MXL3031H54;4 GB;500 GB;CNC248P6R5;N/A;CAM09ADMBGURIBE;DIE02ENEMARTORR
PC ESCRITORIO;EN USO;HP;HP ELITEDESK 800 G2 SFF;MXL6481FLY;8 GB;500 GB;6CM6350K1W;FBEFP0DW24S02Y;BOU09ENENIMUNO0;DIE02ENENIMUNOZ
PC ESCRITORIO;EN USO;HP ;HP COMPAQ ELITE 8200 SFF ;MXL2050N4M;4 GB ;500 GB ;CN420501MG;417441-002;DIE01ENECECOB1;DIE02ENECECOB1
PC PORTATIL;EN USO;HP;HP 240 G7 NOTEBOOK;5CG9461H81;8 GB;500 GB;N/A;SIN MOUSE;CAM02FINADFEIP1;CAM02FINADFEIP1
PC PORTATIL;EN USO;LENOVO ;81B0;5CG9382JQV;12 GB;1 TB;N/A;N/A;EMCALI-P1-0132;CL1302ACUEAESP1
PC PORTATIL;EN USO;HP;HP 240 G7 NOTEBOOK;5CG9382JQV;12 GB;1 TB;N/A;N/A;EMCALI-P1-0132;CL1302ACUEAESP1
PC ESCRITORIO;EN USO;HP;HP COMPAQ ELITE 8300 SFF;MXL3031J50;4 GB;500 GB;CNC248P4SX;7CH92237JS;NAV02ACUJECAMAC;COD02ACUPAGIRAL
PC ESCRITORIO;EN USO;HP;HP ELITEDESK 800 G1 SFF;MXL44992LVK;8 GB;500 GB;3CQ4382BKM;7CH1468J99;CAM11COMMFSAENZ;COD02ACUMFSAENZ
PC PORTATIL;EN USO;HP;HP ELITEBOOK 820 G3;5CG6495Z4D;8 GB;500 GB;N/A;N/A;COD02ADMIAFAJP1;COD02ADMIAFAJP1
PC PORTATIL;EN USO;HP;HP PROBOOK 6470B;CNU3029N99;4 GB;500 GB;N/A;N/A;CAM02GTILMMEDI1;CAM02GTILMMEDP3
PC ESCRITORIO;EN USO;HP;HP Z240 SFF WORKSTATION ;2UA7501LQQ;8 GB;500 GB;CNC742053J;FCMHH0CQWA0M64;ALC01ACUXPFRTEM;ALC01ACUXPFRTEM
PC PORTATIL;EN USO;LENOVO;81YB;PF1YMNGN;12 GB ;1 TB;N/A;N/A;DIE02ENEJAVIEP1;DIE02ENEJAVIEP1
PC PORTATIL;EN USO;LENOVO;81YB;PF1TV9NC;12 GB;500 GB;N/A;N/A;CAM14ADMHEMERP1;CL1302TELHEMEP1
PC PORTATIL;EN USO;HP;HP 245 G7 NOTEBOOK;5CG9461H9M;8 GB;500 GB;N/A;N/A;CL1302ACUISCUP1;CL1302ACUISCUP1
PC ESCRITORIO;EN USO;HP;HP ELITEDESK 800 G2 SFF;MXL6481FNR;8 GB;500 GB ;6CM6350J10;FATK0MAU0YJ6K;CL1302ACUCARMEN;CL1303ACUCARMEN
PC ESCRITORIO;EN USO;HP;HP Z210 WORKSTATION ;2UA2060V7C;8 GB;3 TB;3CQ147BS53;SIN MOUSE;CL1303ACUSABENI;CL1303ACUSABENI
PC ESCRITORIO;EN USO;HP;HP Z220 CMT WORKSTATION;2UA3030FLW;8 GB;2 TB;CN42520QM7;NO LEGIBLE;CL1303ACUALAR01;CL1303ACUALAR01
PC ESCRITORIO;EN USO;HP;HP COMPAQ ELITE 8300 SFF;MXL3031KKJ;4 GB ;500 GB;CNC248P705;7CH9090FB9;DIE01ENEJUCUERO;DIE02ENEJUCUERO
PC ESCRITORIO;EN USO;HP ;HP COMPAQ ELITE 8200 SFF;MXL2050G3T;4 GB ;1 TB ;CN420501P6;60063-002;DIE02ENEMCCORTE;DIE02ENEMCCORTE
PC ESCRITORIO;EN USO;HP;HP COMPAQ ELITE 8200 SFF;MXL11823ZT;4 GB;500 GB;3CQ04809CD;SIN SERIE;COD01ADMCAIDROD;COD01ACUCAIDROD
PC ESCRITORIO;EN USO;HP;HP COMPAQ ELITE 8200 SFF;MXL2050HFT;4 GB;500 GB;CN420503SN;NO LEGIBLE;CL1303ACUEABURB;CL1303ACUEABURB
PC PORTATIL;EN USO;LENOVO;81YB;PF1YKGDP;8 GB;500 GB;N/A;SIN MOUSE;EMCALI-P1-0642;COD02ACUMFSAENZ
PC ESCRITORIO;EN USO;HP;HP ELITEDESK 800 G2 SFF;MXL6481FSC;8 GB;500 GB;6CM6350K8N;FCMHH0AKZ43AQV;CL1303ACUYOROMO;CL1303ACUYOROMO
PC ESCRITORIO;EN USO;HP;HP COMPAQ ELITE 8200 SFF;MXL2050G37;4 GB;500 GB;CN4205017T;7CH1468J9D;CL1302ACUMAECHE;CL1303ACUMAECHE
PC ESCRITORIO;EN USO;HP;HP COMPAQ ELITE 8300 SFF;MXL3031H7G;4 GB;500 GB;3CQ04809FN;SIN SERIE;NAV01COMHDRIASC;COD02ACUILLOZAN
PC ESCRITORIO;EN USO;HP ;HP COMPAQ ELITE 8300 SFF ;MXL3031J4F;4 GB ;500 GB ;CNC830NPW7;NO LEGIBLE ;DIE01ENELHERNAN;DIE01ENELHERNAN
PC PORTATIL;EN USO;HP;HP ELITEBOOK 820 G4;5CG7503GB6;8 GB;500 GB;N/A;SIN MOUSE;CL1303ACUALARP2;CL1303ACUALARP2
PC ESCRITORIO;EN USO;HP;HP COMPAQ ELITE 8300 SFF;MXL3031KG2;4 GB;500 GB;CNC248P576;7CH8442QY5;CL1304ACUCOAYAL;CL1302ACUDACIFU
PC PORTATIL;EN USO;HP;14-AC115LA;5CG6436942;4 GB;500 GB;N/A;SIN MOUSE;CAM14ADMGABOBP1;COD02ACUGABOBP1
PC PORTATIL;EN USO;HP;HP 245 G7 NOTEBOOK ;5CG9461JMF;8 GB;1 TB;N/A;SIN MOUSE;CAM02FINBNARDP1;CAM02FINBNARDP1
PC ESCRITORIO;EN USO;HP;HP Z240 SFF WORKSTATION;2UA7501LTC;8 GB;1 TB;CNC7420556;FCMHH0CQWA0JUY;CL1303ACUALROME;CL1303ACUALROME
PC ESCRITORIO;EN USO;HP;HP COMPAQ ELITE 8200 SFF;MXL2050G3F;4 GB;500 GB;CN42050414;7CH8127SLJ;CAM14ADMDANIROJ;COD02ACUGABOBAD
PC ESCRITORIO;EN USO;HP;HP Z240 TOWER WORKSTATION;2UA7502BZZ;16 GB;2 TB;CNK7310BHM;FCMHH0CJPSNG2;CAM14ADMCAIDROB;COD02ADMRROJAS
PC ESCRITORIO;EN USO;HP;HP COMPAQ ELITE 8300 SFF;MXL3031KFN;4 GB;500 GB;CNC248P6QN;7CH83145SJ;CL1303ACUMDELP;CL1303ACUMDELP
PC PORTATIL;EN USO;LENOVO;81B0;MP1PX9NW;12 GB;1 TB;N/A;SIN MOUSE;EMCALI-P1-0291;CL1302ACUJUAP1
PC PORTATIL;EN USO;HP;HP ELITEBOOK 820 G3;5CG6495Z1Z;8 GB;500 GB;N/A;SIN MOUSE;COD01ADMBEACUP1;COD01ADMBEACUP1
PC PORTATIL;EN USO;HP;HP ELITEBOOK 820 G4;5CG7503G5X;8 GB;1 TB;N/A;SIN MOUSE;CL1303ACUALARAP2;CL1303ACUALARAP2
PC ESCRITORIO;EN USO;HP;HP COMPAQ ELITE 8300 SFF;MXL3031KGB;4 GB;500 GB;CNC832QQ29;1628HS007GU8;CAM14ADMGABOBAD;COD02ADMHYVIVAS
PC ESCRITORIO;EN USO;HP;HP COMPAQ ELITE 8200 SFF;MXL1380MNL;4 GB;500 GB;CN41441420;7CH8127SLG;CL1303ACUJASOTO;CL1303ACUJASOTO
PC ESCRITORIO;EN USO;HP;HP COMPAQ ELITE 8200 SFF;MXL2281TDT;4 GB ;500 GB ;3CQ94839KK;NO LEGIBLE;DIE02ENELDVALEN;DIE02ENELDVALEN
PC ESCRITORIO;EN USO;HP;HP Z240 TOWER WORKSTATION ;2UA7501LTJ;8 GB;500 GB;CNC74205SV;FCMHH0CQWA0MVX;CL1303ACUAFVACA;CL1303ACUAFVACA
PC ESCRITORIO;EN USO;HP;HP COMPAQ ELITE 8200 SFF;MXL2050HFZ;4 GB;500 GB;CN420501TX;FB7330AN3V00RJ0;CL1303ACULMFLOR;CL1303ACULMFLOR
PC ESCRITORIO;EN USO;HP;HP COMPAQ ELITE 8200 SFF;MXL1380MNJ;8 GB;500 GB;CNC0152B2V;SIN SERIE;RCA02ACUSOOSO-3;COD01ADMBEACUN2
PC PORTATIL;EN USO;LENOVO;V14-IWL;PF1YN0JS;12 GB;1 TB;N/A;SIN MOUSE;DIE02ENEDEJIMP1;DIE02ENEDEJIMP1
PC ESCRITORIO;EN USO;HP;HP COMPAQ ELITE 8200 SFF;MXL1380LXM;4 GB;1 TB;3CQ71618K7;NO LEGIBLE;DIE02ENEDEJIMEN;DIE02ENEDEJIMEN
PC ESCRITORIO;EN USO;HP;HP COMPAQ ELITE 8200 SFF;MXL2281WWR;4 GB;500 GB;3CQ9483B4B;NO LEGIBLE;CL1303ACUEMCOR1;CL1303ACUCLVARG
PC ESCRITORIO;EN USO;DELL;PRECISION WORKSTATION T5400;6PR7YH1;8 GB;4 TB;MX-G324H-74262-6B3-4F6L;NO LEGIBLE;CL1303ACUCAYALA;CL1303ACUCOAYAL
PC PORTATIL;EN USO;LENOVO;81B0;MP1PX9RV;12 GB;1 TB;N/A;SIN MOUSE;DESKTOP-ANJMTMM;CL1303ACUALARP3
PC ESCRITORIO;EN USO;HP;HP COMPAQ ELITE 8200 SFF ;MXL1380LY1;4 GB;500 GB;CN414413X3;7CH8260HT3;CL1303ACUAMANGU;CL1303ACUAMANGU
PC PORTATIL;EN USO;LENOVO;81YB;PF1TTN03;12 GB;1 TB;N/A;SIN MOUSE;COD02ADMGAELEJA;COD01ADMGAELEP1
PC PORTATIL;EN USO;HP;HP PROBOOK 430 G8 NOTEBOOK;5CD201CDPW;16 GB;500 GB;CN41280PJR;SIN MOUSE;CAM14ADMDEDQUE;CAM14ADMDEDQUE
PC ESCRITORIO;EN USO;HP;HP ELITEDESK 800 G2 SFF;MXL6481FMH;8 GB;1 TB;6CM6350J0S;FCMHH0AKZ43AQI;DIE02ENEVJSANC;DIE02ENEVJSANC
PC PORTATIL;EN USO;HP;HP PROBOOK 440 G6 ;5CD9501VY4;12 GB;500 GB;N/A;N/A;CAM02GTIFRMADP1;CAM02GTIFRMADP1
PC ESCRITORIO;EN USO;HP;HP Z240 SFF WORKSTATION;2UA7501LSZ;8 GB;500 GB;CNC742052L;FCMHH0CQWA0MP3;CL1303ACUORFIGU;CL1303ACUORFIGU
PC ESCRITORIO;EN USO;HP;HP COMPAQ ELITE 8200 SFF ;MXL1380MLV;4 GB;500 GB;CN4144143V;7CHH1207520;CL1303ACUMNLOPE;CL1303ACUMNLOPE
PC ESCRITORIO;EN USO;HP;HP COMPAQ ELITE 8300 SFF;MXL3031H7T;4 GB;500 GB;CNC248P6GF;285986-011;COD01ADMDFSEDAN;COD01ADMJEHURTA
PC ESCRITORIO;EN USO;HP;HP COMPAQ 8200 ELITE SFF;MXL11823ZJ;4 GB;500 GB;3CQ34713R6;285986-011;CAM12FINJLRAMIR;COD01ADMJRROJAS
PC ESCRITORIO;EN USO;HP;HP ELITEDESK 800 G2 SFF;MXL6481FR1;8 GB;500 GB;6CM6350KLV;NO LEGIBLE;BOU09ENEDMCHAM1;DIE02ENEDMCHAMO
PC PORTATIL;EN USO;HP;HP PROBOOK 440 G6;5CD9501VX8;8 GB;1 TB;N/A;N/A;DIE02ENEWAORTP1;DIE02ENEWAORTP1
PC ESCRITORIO;EN USO;HP;HP COMPAQ ELITE 8200 SFF ;MXL2050HFR;4 GB;500 GB;CN420503CM;7CH92205HB;COD02ADMMARCORT;COD02ADMMARCORT
PC ESCRITORIO;EN USO;HP;HP Z210 WORKSTATION;2UA2060V78;8 GB;1 TB;3CQ147BRYY;NO LEGIBLE;CL1304ACUAGMEDI;CL1304ACUAGMEDI
PC ESCRITORIO;EN USO;HP;HP COMPAQ ELITE 8200 SFF ;MXL2050N0W;4 GB;1 TB;CN420503HF;NO LEGIBLE;CL1304ACUHIVAL;CL1304ACUHIVAL
PC PORTATIL;EN USO;HP;HP ELITEBOOK 820 G4;5CG7503G8F;12 GB;1 TB;N/A;N/A;COD02ADMJDMARI;COD02ACUJDMANP1
PC PORTATIL;EN USO;HP;HP ELITEBOOK 820 G3;5CG6495ZB7;8 GB;1 TB;N/A;N/A;BOU09ENEJISOSP1;DIE02ENEJISOSP1
PC ESCRITORIO;EN USO;HP;HP COMPAQ ELITE 8200 SFF ;MXL1350CH4;4 GB;500 GB;3CQ04809JD;NO LEGIBLE;BOU09ENEDIMONTE;DIE02ENEDIMONTE
PC ESCRITORIO;EN USO;HP;HP COMPAQ ELITE 8200 SFF ;MXL1380LZ1;4 GB;500 GB;CN414413XO;SIN MOUSE;COD02ADMDBRIVER;COD02ADMDBRIVER
PC PORTATIL;EN USO;LENOVO;81YB;PF1TT6W6;12 GB;1 TB;N/A;N/A;DIE02ENEJARAIP1;DIE02ENEJARAIP1
PC ESCRITORIO;EN USO;HP;HP COMPAQ ELITE 8300 SFF;MXL3031J26;4 GB;500 GB;CNC248P6CM;7CH848443GV;CAM14ADMMARMONTA;COD02ADMFRTREJO
PC ESCRITORIO;EN USO;HP;HP Z210 WORKSTATION;2UA2060V7B;8 GB;3 TB;3CQ145C512;NO LEGIBLE;CL1304ACUJIMARM;CL1304ACUJIMARM
PC ESCRITORIO;EN USO;HP;HP Z240 SFF WORKSTATION;2UA7501LSY;8 GB;500 GB ;CNC742055Y;SIN MOUSE;CAM05GENJAMONTA;BOU02GENYAMONTA
PC ESCRITORIO;EN USO;HP;HP Z210 WORKSTATION;2UA2060V7H;8 GB;2 TB;3CQ147BS5W;NO LEGIBLE;CL1304ACUCAMEN1;CL1304ACUCAMEN1
PC ESCRITORIO;EN USO;HP;HP ELITEDESK 800 G1 SFF;MXL4492LSZ;8 GB;500 GB;3CQ4382BP3;672652-001;COD01ADMCACORR1;COD01ADMCACORR1
PC ESCRITORIO;EN USO;HP;HP Z210 WORKSTATION;2UA3030FM6;8 GB;4 TB;CN424312LX;NO LEGIBLE;CL1304ACUSASTU;CL1304ACUSASTU
PC ESCRITORIO;EN USO;HP;HP COMPAQ ELITE 8200 SFF ;MXL2050P5J;4 GB;500 GB;CN4205037F;NO LEGIBLE;CL1304ACUCAMENA;CL1304ACUCAMENA
PC PORTATIL;EN USO;HP;HP 245 G7 NOTEBOOK;5CG9461J4D;8 GB;500 GB;N/A;SIN MOUSE;COD02ADMSPPULP1;COD02ADMSPPULP1
PC ESCRITORIO;EN USO;HP;HP COMPAQ ELITE 8200 SFF ;MXL2050G3Q;4 GB;500 GB;CN4305034G;SIN MOUSE;CL1302ACUALROJA;CL1304ACURALEMO
PC ESCRITORIO;EN USO;HP;HP XW6600 WORKSTATION;CZC8184FP8;2 GB;2 TB;CZK81400G2;NO LEGIBLE;TLC01ENELFVALEN;TLC01ENELFVALEN
PC ESCRITORIO;EN USO;HP;HP COMPAQ ELITE 8200 SFF ;MXL126083C;4 GB;500 GB;3CQ04809NS;7CH8127SL2;COD01ADMADGOMEZ;COD01ACUADGOMEZ
PC ESCRITORIO;EN USO;HP;HP COMPAQ ELITE 8200 SFF ;MXL2050HF7;4 GB;500 GB;CN420503D0;NO LEGIBLE;TLC01ENELUAGUDE;TLC01ENELUAGUDE
PC ESCRITORIO;EN USO;HP;HP COMPAQ ELITE 8200 SFF ;MXL1380MN1;4 GB;500 GB;3CQ04809DP;SIN MOUSE;COD01ADMDFSEDANO;COD01ADMDFSED01
PC PORTATIL;EN USO;HP;HP PROBOOK 6470B;CNU3029SM7;4 GB;500 GB;N/A;SIN MOUSE;CAM01COMCAAMAP1;VER02COMCAAMAP3
PC PORTATIL;EN USO;HP;HP 245 G7 NOTEBOOK;5CG9461H9Y;8 GB;500 GB;N/A;SIN MOUSE;EMCALI-P1-0526;EMCALI-P1-0526
PC ESCRITORIO;EN USO;HP;HP Z240 SFF WORKSTATION;2UA7501LTP;8 GB;500 GB;CNC7420551M;FCMHH0CQWA0JUZ;TLC01ENEJAAGONZ;TLC01ENEJAAGONZ
PC ESCRITORIO;EN USO;HP;HP COMPAQ ELITE 8300 SFF;MXL3031KG7;4 GB;500 GB;CNC248P6LK;NO LEGIBLE;TLC01ENEJAAGON1;TLC01ENEJAAGON1
PC ESCRITORIO;EN USO;HP;HP Z240 SFF WORKSTATION;2UAA7501LQV;8 GB;500 GB;CNC7420549;FCMH0CQWA0MS0;NAV02GENAMOSPIN;COD02ADMAMOSPIN
PC ESCRITORIO;EN USO;HP;HP COMPAQ ELITE 8300 SFF;MXL33712M3;4 GB;500 GB;ZUKZHTKC500591F;7CH120751S;YUM01COMCASIL;VER01COMCAAMART
PC ESCRITORIO;EN USO;HP;HP COMPAQ ELITE 8300 SFF;MXL3371G87;4 GB;500 GB;3CQ34713RZ;FCGLH0D9W4TFOD;COD01ADMYANAVIA;COD01ADMYANAVIA
PC ESCRITORIO;EN USO;HP;HP COMPAQ ELITE 8200 SFF ;MXL11823ZD;4 GB;500 GB;3CQ3460VTQ ;X5J91743704588;VER01COMCASIL05 ;VER02COMCAAMART
PC ESCRITORIO;EN USO;HP;HP COMPAQ ELITE 8200 SFF ;MXL1311Z18;4 GB;1 TB;3CQ04808GS;FATSK0JUJYBAKT;TLC01ENEJFGOM01;TLC01ENEJFGOM01
PC ESCRITORIO;EN USO;HP;HP Z240 SFF WORKSTATION;2UA7501LQT;8 GB;500 GB;CNC742053G;FCMHH0CQWA0M66;TLC01ENEYAGONZA;TLC01ENEYAGONZA
PC ESCRITORIO;EN USO;HP;HP COMPAQ ELITE 8300 SFF;MXL3031KF5;4 GB;500 GB;CNC248P6H0;SIN MOUSE;COD02ADMPAPRETE;COD02ADMPAPRETE
PC ESCRITORIO;EN USO;HP;HP COMPAQ ELITE 8300 SFF;MXL33712X9;4 GB;500 GB;CNC248P6CB;SIN SERIE;CAL14COMFICHERO;VER02COMCAAMAR2
PC PORTATIL;EN USO;HP;HP 245 G7 NOTEBOOK;5CG9461JMR;8 GB;500 GB;N/A;SIN MOUSE;BOU11GENAMMERP1;SFE03TELAMMERP1
PC ESCRITORIO;EN USO;HP;HP ELITEDESK 800 G2 SFF;MXL6481FND;8 GB;500 GB;6CM6350KVZ;FCMHH0AKZ43ARB;DIE01ADMCRASPR;DIE01ADMMOGOL
PC PORTATIL;EN USO;LENOVO;81YB;PF1TTBDZ;12 GB;1 TB;N/A;SIN MOUSE;TLC01ENEWIVERP2;TLC01ENEWIVERP2
PC PORTATIL;EN USO;HP;HP ELITEBOOK 820 G1;CNU423B73W;8 GB;200 GB;N/A;SIN MOUSE;TLC01ENEWIVERP1;TLC01ENEWIVERP1
PC ESCRITORIO;EN USO;HP;HP COMPAQ ELITE 8200 SFF ;MXL2050P4Q;4 GB;500 GB;CN420502YQ;7CH8054KYR;COD02ADMMACAJIG;COD02ADMMACAJIG
PC ESCRITORIO;EN USO;HP;HP COMPAQ ELITE 8300 SFF;MXL33712WD;4 GB;500 GB;3CQ3460VXH;FATSQ0E8F20SA8;TLC02ENEJECHARR;TLC02ENEJECHARR
PC ESCRITORIO;EN USO;HP;HP COMPAQ ELITE 8200 SFF ;MXL1350CG7;4 GB;500 GB;3CQ04809N6;417441-002;COD02ADMJLRAMIR;COD02ADMJLRAMIR
PC ESCRITORIO;DAR DE BAJA;HP;HP COMPAQ ELITE 8300 SFF;MXL33712LZ;4 GB;500 GB;3CQ3460VWH;7CH2450D40;VER02COMLFTRUJI;VER02COMLFTRUJI
PC ESCRITORIO;EN USO;HP;HP COMPAQ ELITE 8200 SFF ;MXL2050HGQ;4 GB;500 GB;CN420501P4;NO LEGIBLE;TLC02ENEYOMARMO;TLC02ENEYOMARMO
PC ESCRITORIO;EN USO;HP;HP COMPAQ ELITE 8300 SFF;MXL33712R3;4 GB;500 GB;3CQ4382BM9;SIN MOUSE ;COD02ADMKJMAMBA;COD02ADMJUCSANC
PC ESCRITORIO;EN USO;HP;HP COMPAQ ELITE 8200 SFF ;MXL11823ZB;4 GB;500 GB;3CQ04809HH;7CH9220TN8;CAM11FINSPPULID;CAM11FINSPPULID
PC ESCRITORIO;EN USO;HP;HP COMPAQ ELITE 8300 SFF;MXL3031KKQ;4 GB;1 TB;3CQ3460VWW;FCGLH0DHD3SYSE;PEN03COMJCMENDO;SFE02TELSVVICTO
PC PORTATIL;EN USO;HP;HP ELITEBOOK 820 G4;5CG7503GC1;8 GB;1 TB;N/A;N/A;BOU09ENEADAPOP1;TLC01ENEJFGOMP2
PC PORTATIL;EN USO;HP;HP ELITEBOOK 820 G3;5CG6495Z34;8 GB;500 GB;N/A;N/A;VER02COMCAAMAP1;VER02COMCAAMAP1
